positive	@mariakaykay aga tayo tomorrow ah. :) Good night, Ces. Love you! &gt;:D&lt;
positive	Lunch from my new Lil spot ...THE COTTON BOWL ....pretty good#1st#time#will be going back# http://t.co/Dbbj8xLZ
positive	SNC Halloween Pr. Pumped. Let's work it for Sunday....Packers vs....who knows or caresn. #SNC #cheerpracticeonhalloween
positive	Louis inspired outfit on Monday and Zayn inspired outfit today..4/5 done just need Harry  :)
positive	#Repost Chris Bosh may be ugly. But he has a gorgeous wife and adorbs baby. I want to be happy like them one http://t.co/S6moxr1U
positive	Here in the Philippines, Its November 2 and I was like where's my phone?! What is the time in LONDON?! #Excited #LittleThngs @NiallOfficial
positive	Tonight Dr. Terrie Hale Scheckelhoff will be formally installed as the 11th Head of School. Welcome to the Saints family @TScheckelhoff!
positive	@solz_b He's a true Niners fan, he brought it up in a interview during his 2nd season. :D
positive	Patriots Extend Lead, Cruise into 4th with 38-7 Lead - Pats Pulpit: The Patriots extended their lead in the 3rd ... http://t.co/knFUZ5ak
positive	@KevOrf_5 Yeah I think so. We saw Suarez score up near us and we played pretty well 2nd half so it wasn't so bad. Probably should've had ET
negative	@jacquelinemegan I'm sorry, I Heart Paris is no longer available at the Rockwell branch! You may call 8587000 to get a copy transferred! :)
negative	Gold edges down ahead of US jobs data: SINGAPORE (Reuters) - Gold edged lower on Friday, with investors waiting for... http://t.co/CiqFona1
negative	Monday before I leave Singapore, I am going to post something that might be offensive.
negative	'Love-cheat' Daniel Radcliffe splits with girlfriend Rosie Coker: London, Oct 19: Daniel Radcliffe has split wit... http://t.co/ZVlsK2HQ
negative	Well if no ones going to school tomorrow then I guess I won't go :p
negative	Watching Contraband on the PVR &amp; it's too frigging predictable to continue watching. Gonna go wash my hair. #friday
negative	@JoshNorris @Rotoworld_Draft I'd be pretty mad if the Packers took Bernard in the 1st just bc, Cooper/Eifert would be better IMO.
negative	Steal by Chalmers, on the break away and is fouled by Garnett. That is his 3rd foul of this game. #Celtics #299COMM
negative	The Rick Santorum signing that was scheduled for tomorrow at the Books A Million in Exton, PA has been CANCELLED due to the weather.
negative	@DannyB618 Sure absolutely-- I meant out of the Bachmann, Perry, Santorum, Herman Cain bunch this election. And Romney was not my 1st choice